"","Distance_km","Weather","Traffic_Level","Time_of_Day","Vehicle_Type","Preparation_Time_min","Courier_Experience_yrs","Delivery_Time_min"
"1",7.93,"Windy","Low","Afternoon","Scooter",12,1,43
"2",16.42,"Clear","Medium","Evening","Bike",20,2,84
"3",9.52,"Foggy","Low","Night","Scooter",28,1,59
"4",7.44,"Rainy","Medium","Afternoon","Scooter",5,1,37
"5",19.03,"Clear","Low","Morning","Bike",16,5,68
"6",19.4,"Clear","Low","Evening","Scooter",8,9,57
"7",9.52,"Clear","Low","Morning","Bike",12,1,49
"8",17.39,"Clear","Medium","Evening","Scooter",5,6,46
"9",1.78,"Snowy","Low","Evening","Car",20,6,35
"10",10.62,"Foggy","Low","Evening","Scooter",29,1,73
"11",16.86,"Snowy","Medium","Afternoon","Car",13,4,88
"12",15.54,"Clear","Low","Night","Bike",29,1,76
"13",10.89,"Clear","High","Night","Bike",12,5,53
"14",4.69,"Rainy","Medium","Evening","Scooter",12,7,36
"15",2.8,"Clear","High","Morning","Scooter",10,3,33
"16",2.17,"Snowy","Low","Evening","Car",15,3,35
"17",17.86,"Rainy","Low","Afternoon","Bike",5,1,50
"18",2.53,"Snowy","Low","Morning","Bike",6,8,24
"19",6.58,"Foggy","Low","Evening","Car",6,7,27
"20",5.38,"Clear","Medium","Evening","Scooter",26,1,47
"21",15.56,"Rainy","Low","Afternoon","Scooter",28,0,72
"22",13.08,"Rainy","Low","Morning","Car",16,4,58
"23",0.86,"Clear","High","Afternoon","Bike",26,5,37
"24",5.83,"Clear","High","Evening","Car",27,9,56
"25",11.2,"Clear","Medium","Morning","Bike",23,5,73
"26",14.59,"Clear","Medium","Morning","Bike",15,6,64
"27",12.91,"Windy","Medium","Evening","Bike",11,6,56
"28",13.92,"Snowy","Low","Morning","Scooter",18,4,70
"29",4.04,"Snowy","Low","Night","Bike",11,9,70
"30",18.05,"Clear","Medium","Evening","Scooter",10,7,95
"31",12.88,"Clear","Medium","Morning","Scooter",8,5,52
"32",19.45,"Rainy","High","Morning","Scooter",20,6,95
"33",4.58,"Clear","High","Morning","Scooter",22,9,45
"34",19.73,"Foggy","Medium","Evening","Bike",27,4,95
"35",2.47,"Windy","Medium","Morning","Bike",27,2,44
"36",17.8,"Snowy","Medium","Morning","Bike",16,9,73
"37",5.96,"Clear","Medium","Afternoon","Bike",22,7,45
"38",12.85,"Windy","Medium","Afternoon","Scooter",18,7,61
"39",1.02,"Clear","Medium","Afternoon","Bike",25,4,34
"40",6.84,"Rainy","Medium","Night","Car",14,8,47
"41",8.68,"Rainy","Medium","Morning","Bike",8,5,52
"42",10.69,"Clear","Medium","Night","Bike",25,9,67
"43",0.99,"Clear","Medium","Evening","Bike",15,4,32
"44",1.11,"Clear","Low","Morning","Bike",5,6,24
"45",2.16,"Snowy","Low","Evening","Scooter",15,0,36
"46",13.17,"Windy","Medium","Afternoon","Bike",16,4,67
"47",8.79,"Snowy","Low","Night","Bike",14,6,43
"48",5.93,"Clear","Low","Afternoon","Scooter",19,3,36
"49",2.09,"Rainy","Low","Night","Bike",23,2,36
"50",7.57,"Clear","Low","Morning","Bike",21,0,56
"51",10.52,"Rainy","Medium","Afternoon","Scooter",8,4,56
"52",4.83,"Rainy","Low","Morning","Car",25,9,47
"53",19.81,"Snowy","Medium","Afternoon","Car",20,5,95
"54",10.1,"Rainy","Low","Evening","Car",8,4,50
"55",7.64,"Windy","Low","Afternoon","Car",10,8,31
"56",12.35,"Clear","Low","Morning","Scooter",10,6,35
"57",5.9,"Rainy","Low","Evening","Car",26,9,44
"58",0.9,"Clear","Low","Afternoon","Bike",20,8,24
"59",11.58,"Clear","Medium","Morning","Scooter",16,2,61
"60",16.16,"Clear","High","Afternoon","Bike",11,1,82
"61",15.51,"Clear","Low","Evening","Bike",17,9,69
"62",12.16,"Windy","High","Evening","Scooter",11,0,69
"63",4.96,"Rainy","High","Morning","Bike",21,0,60
"64",3.64,"Windy","High","Evening","Bike",17,6,40
"65",2.85,"Clear","Low","Morning","Scooter",26,0,38
"66",10.4,"Clear","Low","Evening","Bike",16,4,52
"67",12.31,"Windy","Low","Morning","Bike",29,4,68
"68",3.53,"Clear","Medium","Afternoon","Bike",13,7,31
"69",15.56,"Clear","Medium","Evening","Bike",14,3,54
"70",13.6,"Clear","Medium","Afternoon","Bike",27,0,87
"71",15.23,"Snowy","High","Morning","Bike",5,0,62
"72",4.17,"Clear","Low","Evening","Scooter",5,1,24
"73",3.21,"Rainy","High","Night","Scooter",16,0,42
"74",6.38,"Snowy","Low","Evening","Bike",16,1,95
"75",16.54,"Rainy","Low","Afternoon","Scooter",6,7,51
"76",12.02,"Clear","Low","Morning","Car",9,7,41
"77",11.94,"Clear","Low","Evening","Bike",20,3,69
"78",9.08,"Clear","Low","Afternoon","Scooter",14,5,49
"79",3.46,"Snowy","Medium","Morning","Scooter",23,3,48
"80",6.8,"Foggy","Medium","Morning","Scooter",13,7,46
"81",17.38,"Rainy","Medium","Afternoon","Scooter",11,2,92
"82",3.25,"Clear","Low","Morning","Bike",23,7,32
"83",10.28,"Clear","Medium","Evening","Scooter",29,3,71
"84",16.14,"Clear","Low","Night","Car",6,9,65
"85",3.55,"Clear","Medium","Evening","Bike",23,0,43
"86",10.65,"Clear","Medium","Afternoon","Scooter",23,8,58
"87",19.03,"Clear","Low","Afternoon","Car",26,5,68
"88",7.3,"Clear","Low","Night","Scooter",14,7,28
"89",7.03,"Clear","Low","Evening","Scooter",21,1,44
"90",12.43,"Snowy","Low","Afternoon","Car",12,0,70
"91",12.76,"Windy","High","Morning","Scooter",27,4,74
"92",11.39,"Rainy","High","Evening","Scooter",14,1,72
"93",19.41,"Clear","Low","Morning","Car",7,3,48
"94",13.17,"Rainy","High","Evening","Scooter",17,8,69
"95",8.32,"Rainy","Low","Afternoon","Car",12,2,49
"96",1.92,"Clear","Low","Afternoon","Bike",8,7,24
"97",1.15,"Clear","Low","Afternoon","Scooter",26,4,30
"98",17.8,"Windy","High","Afternoon","Car",12,9,73
"99",7.46,"Clear","Medium","Evening","Bike",8,5,42
"100",7.25,"Clear","Medium","Afternoon","Scooter",18,4,45
"101",16.7,"Clear","Medium","Afternoon","Scooter",28,1,76
"102",17.2,"Rainy","High","Afternoon","Scooter",14,2,94
"103",0.86,"Clear","Medium","Afternoon","Car",21,7,28
"104",18.76,"Clear","Medium","Evening","Car",15,2,80
"105",9.22,"Clear","Medium","Afternoon","Car",18,9,57
"106",2.84,"Clear","Low","Evening","Scooter",24,2,35
"107",17.59,"Clear","Low","Morning","Bike",24,6,69
"108",14.89,"Snowy","High","Morning","Scooter",17,6,87
"109",1.3,"Clear","Medium","Evening","Bike",22,4,31
"110",18.99,"Rainy","High","Afternoon","Bike",10,6,70
"111",1.6,"Foggy","Low","Night","Scooter",24,5,37
"112",8.26,"Snowy","Low","Afternoon","Bike",15,1,57
"113",10.16,"Clear","High","Night","Bike",12,5,52
"114",12.03,"Clear","Medium","Morning","Car",20,5,65
"115",14.73,"Rainy","Low","Afternoon","Bike",24,6,74
"116",12.56,"Clear","High","Evening","Bike",17,5,69
"117",5.53,"Clear","Medium","Afternoon","Bike",19,1,44
"118",10.18,"Foggy","Medium","Morning","Bike",25,3,73
"119",15.5,"Clear","Medium","Morning","Scooter",28,9,91
"120",2.98,"Foggy","Low","Night","Bike",11,2,27
"121",16.69,"Foggy","Medium","Evening","Scooter",8,2,65
"122",11.22,"Windy","High","Evening","Bike",25,5,79
"123",8.53,"Clear","Low","Evening","Scooter",8,2,41
"124",12.49,"Clear","Medium","Morning","Bike",25,4,77
"125",0.97,"Clear","Low","Night","Scooter",24,8,26
"126",12.6,"Windy","Medium","Afternoon","Car",8,6,58
"127",6.91,"Clear","Medium","Evening","Scooter",28,9,56
"128",18.97,"Clear","Low","Evening","Car",25,4,95
"129",4.05,"Clear","Medium","Evening","Bike",20,3,44
"130",14.29,"Windy","Medium","Morning","Bike",14,7,78
"131",1.3,"Foggy","Low","Evening","Bike",19,5,29
"132",12.11,"Rainy","Low","Morning","Bike",9,5,59
"133",14.94,"Clear","Medium","Morning","Bike",11,0,62
"134",2.29,"Rainy","High","Afternoon","Car",8,8,80
"135",17.36,"Rainy","High","Afternoon","Bike",24,1,95
"136",18.48,"Clear","Medium","Night","Bike",8,0,82
"137",16.25,"Foggy","High","Morning","Bike",10,5,91
"138",5.13,"Clear","Low","Morning","Car",15,4,30
"139",15.81,"Clear","Low","Afternoon","Car",25,1,92
"140",0.61,"Clear","Low","Afternoon","Scooter",10,0,24
"141",5.55,"Foggy","High","Evening","Bike",18,1,95
"142",19.35,"Clear","High","Night","Bike",12,7,75
"143",4.03,"Clear","Medium","Evening","Bike",9,5,25
"144",7.09,"Snowy","Low","Morning","Scooter",13,8,37
"145",8.25,"Clear","Medium","Afternoon","Bike",7,9,28
"146",11.26,"Clear","Low","Night","Bike",5,6,49
"147",19.7,"Rainy","Low","Evening","Bike",10,2,60
"148",0.8,"Snowy","High","Evening","Bike",14,9,36
"149",7,"Rainy","Medium","Evening","Bike",17,9,49
"150",14.43,"Clear","Medium","Morning","Car",14,4,95
"151",6.89,"Rainy","Medium","Afternoon","Bike",11,6,43
"152",5.13,"Foggy","Medium","Evening","Car",25,1,60
"153",1.5,"Clear","Low","Afternoon","Bike",10,1,24
"154",2.78,"Clear","High","Afternoon","Scooter",9,0,41
"155",11.31,"Clear","Medium","Evening","Bike",7,0,54
"156",15.05,"Clear","Medium","Evening","Car",12,2,66
"157",5.78,"Foggy","Low","Afternoon","Scooter",9,9,33
"158",11.83,"Clear","Low","Evening","Scooter",9,7,32
"159",8.08,"Foggy","Low","Morning","Bike",25,2,61
"160",16.1,"Clear","Low","Evening","Bike",25,0,64
"161",9.74,"Rainy","Medium","Evening","Scooter",7,8,37
"162",17.6,"Clear","Low","Afternoon","Bike",27,3,69
"163",10.22,"Snowy","Medium","Night","Bike",18,1,68
"164",2.19,"Clear","Low","Evening","Bike",26,3,32
"165",11.41,"Windy","Medium","Afternoon","Scooter",17,4,68
"166",4.14,"Clear","Medium","Morning","Scooter",14,2,30
"167",12.65,"Rainy","Low","Afternoon","Bike",18,8,60
"168",4.15,"Clear","Medium","Morning","Car",17,8,46
"169",16.8,"Clear","High","Morning","Car",19,4,85
"170",9.06,"Clear","Medium","Evening","Bike",23,4,47
"171",13.04,"Clear","Medium","Morning","Scooter",20,6,65
"172",10.7,"Clear","Medium","Afternoon","Scooter",8,5,44
"173",6.15,"Foggy","Low","Evening","Scooter",26,5,48
"174",16.47,"Snowy","High","Evening","Scooter",20,9,75
"175",1.39,"Clear","Medium","Afternoon","Bike",15,4,24
"176",11.14,"Rainy","Medium","Morning","Scooter",7,3,47
"177",3.81,"Rainy","High","Afternoon","Bike",5,6,31
"178",2.39,"Rainy","Medium","Evening","Bike",27,7,43
"179",11.74,"Clear","High","Evening","Car",6,3,54
"180",8.26,"Clear","Low","Afternoon","Car",21,4,80
"181",9.54,"Rainy","Medium","Evening","Scooter",11,5,47
"182",3.88,"Clear","Medium","Morning","Bike",16,2,35
"183",0.95,"Rainy","Medium","Morning","Car",27,0,44
"184",8.59,"Clear","Low","Night","Scooter",17,8,36
"185",8.59,"Clear","Low","Evening","Bike",22,2,43
"186",14.21,"Clear","Medium","Evening","Bike",24,4,58
"187",13.03,"Foggy","Low","Morning","Scooter",9,1,50
"188",8.03,"Clear","Low","Evening","Scooter",14,8,42
"189",13.2,"Snowy","Low","Morning","Car",14,3,62
"190",12.67,"Clear","Medium","Evening","Car",10,3,65
"191",17.54,"Clear","Low","Morning","Car",16,8,54
"192",9.32,"Clear","Low","Morning","Scooter",6,5,30
"193",6.03,"Rainy","High","Afternoon","Car",8,6,46
"194",15.71,"Clear","Low","Afternoon","Scooter",28,5,69
"195",4.87,"Snowy","High","Evening","Bike",16,7,54
"196",18.15,"Rainy","High","Morning","Bike",22,7,95
"197",0.78,"Clear","Medium","Morning","Bike",6,1,24
"198",0.6,"Clear","Low","Afternoon","Bike",26,3,30
"199",2.09,"Clear","Medium","Evening","Bike",5,5,24
"200",7.49,"Clear","Medium","Morning","Scooter",13,9,45
"201",1.41,"Foggy","Medium","Evening","Bike",15,0,72
"202",18.92,"Clear","High","Morning","Scooter",27,4,95
"203",12.41,"Clear","Medium","Morning","Car",10,1,51
"204",1.06,"Clear","Low","Afternoon","Scooter",19,6,24
"205",18.34,"Clear","High","Night","Bike",9,4,92
"206",13.52,"Clear","Low","Morning","Scooter",27,1,82
"207",16.79,"Foggy","High","Afternoon","Bike",24,6,85
"208",15.39,"Clear","Medium","Evening","Scooter",24,5,89
"209",7.39,"Rainy","Medium","Morning","Scooter",25,6,60
"210",10.98,"Rainy","Low","Morning","Scooter",10,6,55
"211",11.08,"Snowy","Medium","Morning","Bike",9,0,57
"212",5.41,"Clear","Medium","Night","Bike",14,5,36
"213",0.94,"Clear","High","Morning","Bike",9,6,24
"214",7.27,"Windy","Low","Afternoon","Bike",10,5,35
"215",2.99,"Windy","Medium","Morning","Bike",27,5,41
"216",15.28,"Snowy","Low","Evening","Bike",16,5,72
"217",2.48,"Windy","Medium","Afternoon","Car",14,6,27
"218",17.13,"Rainy","Low","Evening","Car",19,1,71
"219",7.17,"Clear","Low","Afternoon","Bike",15,7,32
"220",5.47,"Rainy","Low","Morning","Car",21,6,38
"221",19.53,"Foggy","Low","Afternoon","Bike",11,6,87
"222",7.5,"Clear","High","Morning","Bike",29,1,66
"223",5.61,"Windy","Low","Night","Bike",25,9,48
"224",4.1,"Clear","Low","Morning","Bike",21,3,37
"225",6.22,"Rainy","Medium","Morning","Bike",15,0,49
"226",14.77,"Rainy","High","Morning","Scooter",11,6,67
"227",12.55,"Windy","Low","Evening","Bike",13,8,51
"228",10.31,"Foggy","Medium","Morning","Scooter",19,5,62
"229",8.72,"Snowy","Medium","Evening","Car",18,7,64
"230",17.07,"Clear","Medium","Morning","Bike",20,6,73
"231",8.27,"Clear","High","Afternoon","Scooter",13,5,58
"232",7.54,"Snowy","Low","Afternoon","Bike",20,3,55
"233",14.07,"Clear","High","Afternoon","Bike",5,8,67
"234",19.02,"Clear","Medium","Afternoon","Bike",29,9,87
"235",19,"Clear","High","Morning","Car",28,3,95
"236",3.83,"Rainy","Medium","Afternoon","Bike",12,9,30
"237",10.3,"Clear","Low","Evening","Scooter",19,8,48
"238",8.09,"Clear","High","Afternoon","Scooter",15,4,51
"239",18.06,"Clear","Medium","Night","Bike",9,8,52
"240",2.76,"Windy","Medium","Morning","Scooter",8,5,24
"241",12.17,"Snowy","Low","Evening","Bike",20,8,68
"242",12.33,"Clear","Medium","Evening","Bike",22,9,75
"243",1.38,"Clear","Medium","Evening","Scooter",5,8,24
"244",18.49,"Clear","Low","Afternoon","Scooter",14,6,71
"245",10.57,"Snowy","Low","Afternoon","Bike",28,9,59
"246",2,"Clear","High","Evening","Scooter",10,2,30
"247",3.29,"Clear","Medium","Afternoon","Scooter",17,4,32
"248",1.94,"Rainy","Medium","Morning","Bike",16,0,35
"249",6.56,"Windy","Medium","Morning","Bike",14,1,47
"250",9.58,"Clear","High","Afternoon","Car",26,8,60
"251",6.95,"Clear","Medium","Morning","Scooter",25,2,58
"252",14.05,"Clear","High","Morning","Scooter",19,0,72
"253",18.97,"Rainy","High","Night","Bike",20,8,95
"254",13.53,"Rainy","Low","Evening","Bike",28,8,78
"255",15.14,"Rainy","Medium","Morning","Bike",8,6,66
"256",5.96,"Clear","Low","Afternoon","Bike",26,6,48
"257",3.43,"Windy","Medium","Morning","Bike",7,6,24
"258",6.24,"Clear","Medium","Evening","Bike",15,3,52
"259",17.94,"Rainy","High","Evening","Scooter",22,6,85
"260",3.54,"Rainy","Medium","Evening","Bike",10,5,32
"261",16.38,"Rainy","Medium","Night","Bike",7,6,90
"262",7.81,"Clear","Low","Evening","Bike",11,4,42
"263",8.84,"Clear","Low","Morning","Bike",26,0,57
"264",14.09,"Clear","Medium","Afternoon","Scooter",12,3,55
"265",11.92,"Clear","Low","Afternoon","Scooter",14,4,46
"266",17.3,"Clear","Low","Evening","Scooter",9,0,67
"267",14.08,"Clear","High","Morning","Bike",28,6,66
"268",2.8,"Clear","High","Afternoon","Bike",28,1,50
"269",17.96,"Clear","Medium","Evening","Bike",22,2,76
"270",14.09,"Clear","High","Afternoon","Bike",12,6,67
"271",9.39,"Clear","Low","Morning","Bike",14,2,37
"272",17.9,"Clear","Low","Morning","Bike",23,2,85
"273",4.55,"Rainy","Low","Afternoon","Bike",5,6,24
"274",6.24,"Snowy","Low","Afternoon","Bike",20,4,51
"275",16.92,"Clear","Low","Morning","Scooter",29,0,70
"276",14.31,"Clear","Medium","Morning","Bike",9,8,47
"277",14.66,"Windy","Medium","Morning","Bike",20,2,77
"278",2.23,"Clear","Low","Morning","Bike",7,6,24
"279",12.65,"Clear","Low","Evening","Bike",15,4,66
"280",7.24,"Rainy","Medium","Evening","Bike",28,6,65
"281",3.01,"Clear","Medium","Evening","Bike",14,4,26
"282",11.52,"Clear","Medium","Morning","Scooter",25,2,58
"283",3.95,"Clear","Low","Afternoon","Bike",13,5,25
"284",1.09,"Clear","Medium","Morning","Scooter",6,2,24
"285",13.99,"Clear","High","Evening","Scooter",7,3,95
"286",19.32,"Rainy","High","Morning","Car",21,7,95
"287",11.72,"Rainy","Low","Evening","Bike",11,9,42
"288",2.13,"Rainy","Low","Morning","Scooter",9,2,24
"289",8.17,"Clear","Medium","Afternoon","Scooter",20,9,44
"290",12.21,"Clear","High","Morning","Bike",9,4,57
"291",3.17,"Clear","Medium","Evening","Scooter",17,6,33
"292",18.68,"Snowy","Low","Afternoon","Bike",11,8,62
"293",10.95,"Clear","Medium","Evening","Scooter",24,4,55
"294",19.26,"Windy","Medium","Morning","Scooter",21,6,67
"295",9.44,"Rainy","Medium","Evening","Scooter",28,8,63
"296",4.86,"Foggy","Medium","Evening","Car",25,4,52
"297",5.81,"Foggy","Low","Afternoon","Bike",25,8,51
"298",7.34,"Rainy","Low","Evening","Bike",22,8,47
"299",17.39,"Foggy","Medium","Morning","Bike",25,4,95
"300",5.22,"Snowy","Low","Evening","Bike",11,9,40
"301",12.32,"Clear","Medium","Evening","Scooter",17,4,71
"302",2.15,"Windy","Medium","Afternoon","Car",17,6,30
"303",9.36,"Rainy","High","Morning","Scooter",17,2,65
"304",2.28,"Clear","Medium","Evening","Scooter",27,9,39
"305",14.54,"Clear","Medium","Evening","Bike",29,2,73
"306",12.15,"Clear","High","Morning","Car",12,6,63
"307",1.4,"Windy","Low","Evening","Bike",9,9,24
"308",3.37,"Clear","High","Morning","Bike",9,5,28
"309",3.85,"Rainy","Medium","Afternoon","Bike",26,3,46
"310",9.03,"Clear","Low","Afternoon","Bike",11,5,43
"311",17.99,"Snowy","Low","Afternoon","Bike",15,3,63
"312",16.35,"Clear","Medium","Morning","Bike",16,0,66
"313",19.61,"Clear","High","Evening","Bike",8,6,72
"314",16.29,"Clear","Low","Morning","Bike",20,1,72
"315",7.84,"Windy","Low","Afternoon","Bike",6,4,28
"316",18.17,"Rainy","Low","Afternoon","Car",13,0,71
"317",17.89,"Windy","Low","Morning","Bike",27,1,95
"318",13.34,"Clear","Medium","Night","Bike",20,6,53
"319",4.43,"Foggy","Low","Morning","Scooter",10,1,63
"320",13.21,"Clear","Medium","Morning","Scooter",12,4,63
"321",2.76,"Windy","Medium","Night","Bike",6,2,27
"322",1.5,"Foggy","Medium","Evening","Scooter",15,4,32
"323",11.04,"Clear","Medium","Afternoon","Scooter",8,2,54
"324",1.22,"Clear","Medium","Evening","Scooter",6,6,24
"325",14.58,"Clear","Low","Afternoon","Bike",13,5,57
"326",18.26,"Rainy","High","Night","Scooter",28,7,93
"327",3.88,"Foggy","Low","Evening","Car",27,9,42
"328",18.07,"Clear","High","Afternoon","Scooter",5,2,67
"329",12.11,"Clear","Medium","Evening","Bike",28,0,75
"330",7.08,"Clear","Medium","Afternoon","Scooter",5,8,27
"331",3.12,"Rainy","Low","Evening","Scooter",14,5,28
"332",2.03,"Foggy","High","Evening","Car",14,4,36
"333",1.8,"Clear","High","Night","Bike",14,1,28
"334",5.42,"Clear","Low","Evening","Scooter",11,9,26
"335",7.8,"Clear","Low","Evening","Scooter",23,5,52
"336",8.47,"Rainy","Low","Afternoon","Scooter",19,0,48
"337",6.79,"Rainy","Low","Evening","Scooter",16,1,39
"338",13.6,"Rainy","Medium","Afternoon","Scooter",23,6,83
"339",13.06,"Rainy","High","Morning","Bike",17,8,59
"340",19.93,"Snowy","Low","Afternoon","Bike",6,6,59
"341",11.3,"Snowy","Medium","Afternoon","Bike",15,8,70
"342",6.74,"Rainy","Medium","Evening","Car",21,9,47
"343",10.49,"Rainy","Low","Morning","Bike",28,9,66
"344",8.83,"Clear","Medium","Evening","Scooter",12,3,95
"345",7.15,"Clear","High","Night","Car",29,7,60
"346",15.94,"Clear","Low","Evening","Bike",24,2,77
"347",11.26,"Foggy","High","Afternoon","Bike",14,2,70
"348",11.87,"Clear","Medium","Morning","Bike",10,6,43
"349",2.83,"Windy","Medium","Afternoon","Scooter",14,6,28
"350",11.74,"Clear","Low","Afternoon","Car",20,1,52
"351",2.71,"Clear","Low","Morning","Scooter",6,1,24
"352",10.47,"Clear","High","Evening","Scooter",14,7,55
"353",4.5,"Snowy","High","Evening","Bike",24,0,66
"354",19.74,"Clear","Low","Morning","Car",21,7,71
"355",1.23,"Clear","Low","Evening","Bike",18,6,24
"356",4.83,"Clear","Low","Evening","Bike",11,1,29
"357",1.51,"Clear","High","Afternoon","Bike",14,2,32
"358",1.62,"Windy","Low","Evening","Bike",9,8,24
"359",11.31,"Clear","High","Evening","Bike",20,0,67
"360",6.05,"Clear","Medium","Morning","Car",24,0,48
"361",10.14,"Clear","Medium","Morning","Scooter",20,1,59
"362",9.45,"Clear","Low","Afternoon","Car",13,0,49
"363",6.8,"Clear","High","Evening","Bike",28,5,55
"364",15.65,"Clear","Low","Afternoon","Bike",27,0,76
"365",2.26,"Clear","Medium","Morning","Scooter",6,3,24
"366",12.05,"Clear","Low","Evening","Scooter",29,4,61
"367",8.25,"Windy","Medium","Evening","Car",24,4,62
"368",12.85,"Rainy","Medium","Afternoon","Scooter",23,0,80
"369",15.14,"Windy","Medium","Morning","Bike",15,4,71
"370",4.59,"Foggy","Low","Evening","Scooter",19,8,36
"371",12.02,"Clear","Low","Afternoon","Bike",26,0,63
"372",19.8,"Clear","High","Evening","Bike",7,3,88
"373",19.27,"Foggy","High","Afternoon","Bike",14,6,92
"374",4.92,"Clear","High","Morning","Scooter",12,0,41
"375",1.63,"Rainy","Medium","Night","Bike",24,5,38
"376",18.04,"Clear","Medium","Morning","Bike",8,5,71
"377",19.4,"Snowy","Medium","Afternoon","Scooter",23,9,92
"378",16.4,"Clear","High","Morning","Scooter",12,2,70
"379",12.01,"Clear","Low","Morning","Car",5,7,42
"380",18.46,"Clear","Medium","Evening","Scooter",29,1,95
"381",13.09,"Windy","Low","Evening","Scooter",17,1,69
"382",1.22,"Foggy","High","Afternoon","Scooter",14,2,38
"383",10.36,"Rainy","Medium","Afternoon","Bike",7,8,39
"384",4.31,"Rainy","Medium","Afternoon","Bike",9,2,35
"385",13.32,"Windy","Medium","Afternoon","Bike",26,0,71
"386",16.1,"Clear","Low","Morning","Car",16,6,61
"387",14.11,"Rainy","High","Morning","Scooter",24,3,93
"388",2.84,"Clear","Medium","Night","Scooter",28,1,44
"389",16.09,"Snowy","Low","Morning","Car",13,6,69
"390",16.05,"Snowy","Medium","Evening","Bike",11,2,89
"391",13.37,"Windy","High","Afternoon","Scooter",17,8,63
"392",10.16,"Snowy","Medium","Night","Bike",10,1,67
"393",6.13,"Clear","Medium","Night","Scooter",22,0,48
"394",4.96,"Rainy","Low","Afternoon","Car",10,7,28
"395",3,"Clear","Low","Morning","Scooter",29,1,43
"396",2.23,"Snowy","Medium","Evening","Car",14,0,41
"397",17.96,"Clear","Medium","Evening","Scooter",26,0,74
"398",7.8,"Rainy","Medium","Morning","Bike",11,7,49
"399",10.9,"Clear","High","Afternoon","Scooter",6,8,47
"400",3.17,"Clear","Low","Afternoon","Bike",17,1,28
"401",9.39,"Windy","Medium","Morning","Scooter",21,9,50
"402",17.44,"Clear","Low","Evening","Bike",25,9,89
"403",3.02,"Rainy","Medium","Morning","Bike",23,1,46
"404",19.99,"Rainy","High","Evening","Bike",17,1,95
"405",16.22,"Rainy","High","Evening","Bike",22,0,95
"406",2.74,"Clear","High","Afternoon","Bike",18,9,37
"407",5.74,"Rainy","High","Evening","Bike",13,9,46
"408",9.75,"Clear","Low","Afternoon","Bike",22,7,50
"409",15.62,"Rainy","Medium","Afternoon","Scooter",23,7,78
"410",16.54,"Rainy","Medium","Afternoon","Bike",25,7,77
"411",7.84,"Rainy","Low","Morning","Scooter",7,8,36
"412",17.44,"Rainy","Low","Night","Car",23,0,85
"413",11.08,"Windy","High","Afternoon","Bike",16,6,70
"414",17.61,"Clear","Medium","Evening","Scooter",21,9,79
"415",8.28,"Snowy","Low","Evening","Car",29,7,58
"416",15.32,"Clear","Medium","Morning","Bike",17,6,80
"417",3.83,"Rainy","Low","Evening","Car",27,3,49
"418",3.25,"Rainy","Medium","Evening","Scooter",29,0,51
"419",19.75,"Clear","Medium","Morning","Bike",25,1,95
"420",15.19,"Foggy","Low","Evening","Scooter",6,4,53
"421",8.92,"Windy","Medium","Morning","Bike",25,4,62
"422",18.63,"Windy","Low","Afternoon","Bike",11,5,85
"423",12.74,"Clear","Low","Night","Scooter",18,0,67
"424",18.13,"Rainy","High","Evening","Bike",21,2,88
"425",2.47,"Rainy","Low","Afternoon","Car",22,6,34
"426",18.15,"Windy","Medium","Morning","Bike",11,2,89
"427",1.74,"Foggy","High","Afternoon","Scooter",8,9,28
"428",5.79,"Windy","Medium","Morning","Bike",26,6,49
"429",5.75,"Windy","High","Morning","Scooter",7,4,37
"430",17.41,"Snowy","Medium","Evening","Bike",20,4,80
"431",1.2,"Rainy","Low","Morning","Scooter",24,7,33
"432",8.07,"Windy","Low","Evening","Bike",21,4,48
"433",1.88,"Clear","Medium","Morning","Scooter",24,7,35
"434",0.72,"Rainy","Medium","Afternoon","Scooter",9,2,24
"435",14.19,"Clear","Medium","Afternoon","Bike",9,1,57
"436",16.73,"Windy","High","Afternoon","Scooter",9,7,71
"437",18.53,"Rainy","Low","Afternoon","Scooter",8,8,57
"438",4.32,"Clear","Low","Morning","Bike",21,9,34
"439",13.6,"Foggy","High","Evening","Bike",9,7,61
"440",18.46,"Rainy","Low","Morning","Bike",19,9,94
"441",7.67,"Windy","Low","Morning","Car",9,2,31
"442",8.23,"Snowy","Low","Evening","Bike",17,3,56
"443",13.44,"Clear","Low","Night","Bike",29,0,63
"444",15.04,"Clear","Low","Morning","Car",24,5,60
"445",7.48,"Clear","Medium","Morning","Car",21,4,52
"446",10.11,"Rainy","Medium","Afternoon","Scooter",23,2,63
"447",10.88,"Snowy","Low","Afternoon","Car",13,3,52
"448",13.97,"Snowy","Low","Evening","Scooter",14,8,52
"449",3.48,"Foggy","Low","Afternoon","Scooter",9,1,31
"450",10.73,"Foggy","Low","Morning","Bike",6,6,35
"451",5.18,"Clear","Medium","Afternoon","Car",9,2,30
"452",8.47,"Foggy","Medium","Evening","Bike",24,0,68
"453",15.64,"Rainy","Low","Morning","Bike",20,4,95
"454",10.95,"Snowy","Low","Afternoon","Bike",9,1,65
"455",19.29,"Windy","Medium","Evening","Scooter",7,8,84
"456",2.59,"Windy","Medium","Morning","Bike",13,5,28
"457",3.98,"Clear","High","Night","Car",19,3,41
"458",6.06,"Foggy","Low","Afternoon","Scooter",10,8,41
"459",6.72,"Foggy","Low","Evening","Bike",8,5,31
"460",19.04,"Clear","Medium","Morning","Scooter",27,2,85
"461",14.28,"Windy","High","Afternoon","Scooter",23,5,77
"462",16.26,"Rainy","High","Morning","Bike",16,6,70
"463",4.25,"Clear","Low","Afternoon","Bike",5,4,24
"464",12.26,"Clear","Low","Afternoon","Bike",20,2,66
"465",19.81,"Clear","Low","Afternoon","Bike",27,1,74
"466",18.2,"Windy","Medium","Morning","Bike",27,1,95
"467",12.85,"Rainy","Medium","Morning","Scooter",14,8,73
"468",6.91,"Clear","Low","Evening","Bike",27,8,91
"469",9.64,"Clear","Low","Morning","Bike",10,5,46
"470",9.64,"Rainy","Medium","Evening","Bike",14,6,52
"471",2.28,"Foggy","Medium","Morning","Scooter",27,6,44
"472",15.34,"Rainy","Low","Afternoon","Bike",18,6,54
"473",3.22,"Rainy","Medium","Night","Bike",14,8,34
"474",9.71,"Clear","Low","Morning","Bike",8,1,49
"475",17.18,"Clear","Medium","Night","Scooter",13,1,62
"476",5.3,"Clear","Medium","Afternoon","Scooter",29,3,47
"477",10,"Clear","Medium","Afternoon","Scooter",6,9,47
"478",10.75,"Rainy","Medium","Morning","Bike",8,6,60
"479",9.49,"Rainy","Medium","Morning","Car",23,6,53
"480",7.24,"Clear","Medium","Afternoon","Bike",28,7,57
"481",16.09,"Rainy","Low","Morning","Bike",21,8,66
"482",15.53,"Clear","Low","Morning","Bike",26,6,83
"483",19.41,"Windy","Low","Morning","Bike",11,8,62
"484",17.24,"Clear","Low","Evening","Bike",17,5,69
"485",11.33,"Clear","Low","Morning","Bike",25,3,60
"486",18.23,"Rainy","Low","Afternoon","Scooter",27,9,86
"487",1.17,"Clear","Medium","Morning","Bike",16,9,25
"488",5.33,"Clear","Low","Evening","Car",29,1,51
"489",4.14,"Rainy","Low","Morning","Bike",23,2,41
"490",2.02,"Clear","High","Evening","Bike",28,5,44
"491",14.46,"Rainy","Medium","Morning","Scooter",11,9,68
"492",3.86,"Clear","Medium","Afternoon","Bike",21,8,34
"493",12.59,"Windy","Medium","Morning","Bike",13,9,62
"494",1.11,"Clear","High","Morning","Scooter",22,8,35
"495",9.11,"Clear","Low","Afternoon","Bike",19,6,42
"496",18.77,"Snowy","Medium","Evening","Bike",24,0,95
"497",16.35,"Foggy","Medium","Night","Bike",16,6,67
"498",6.22,"Clear","Low","Afternoon","Bike",16,9,29
"499",7.78,"Foggy","High","Afternoon","Bike",25,3,74
"500",0.88,"Rainy","Low","Night","Car",27,2,37
"501",16.43,"Clear","Low","Evening","Bike",13,5,56
"502",8.04,"Clear","Medium","Evening","Car",27,0,65
"503",18.65,"Foggy","Low","Night","Car",19,2,68
"504",5.73,"Foggy","Low","Morning","Scooter",7,2,30
"505",12.42,"Rainy","Low","Evening","Bike",28,9,79
"506",2.11,"Clear","Low","Afternoon","Scooter",28,5,34
"507",18.62,"Clear","Low","Evening","Scooter",27,6,75
"508",17.61,"Clear","Medium","Morning","Scooter",19,3,80
"509",10.62,"Rainy","Medium","Night","Bike",7,2,48
"510",18.83,"Clear","Medium","Night","Bike",8,0,68
"511",14.07,"Clear","Medium","Morning","Bike",16,9,73
"512",9.29,"Clear","Medium","Evening","Bike",10,9,40
"513",1.29,"Rainy","Low","Evening","Bike",7,7,24
"514",4.08,"Windy","Medium","Afternoon","Bike",7,0,33
"515",19.12,"Windy","High","Evening","Car",8,0,92
"516",17.93,"Clear","Medium","Afternoon","Bike",29,4,85
"517",2.33,"Clear","Low","Morning","Car",6,1,24
"518",3.18,"Rainy","Medium","Evening","Bike",21,3,42
"519",1.97,"Clear","High","Morning","Car",28,7,43
"520",6.2,"Windy","High","Evening","Scooter",7,3,42
"521",1.02,"Windy","High","Evening","Bike",6,8,24
"522",5.3,"Clear","Low","Evening","Bike",16,5,32
"523",9.34,"Rainy","Low","Evening","Car",10,0,40
"524",10.09,"Clear","Medium","Evening","Bike",7,0,49
"525",15.35,"Rainy","High","Night","Scooter",23,9,80
"526",17.12,"Rainy","Low","Morning","Bike",26,3,86
"527",3.94,"Snowy","Low","Afternoon","Bike",19,3,43
"528",18.02,"Clear","Medium","Evening","Car",12,3,77
"529",14.41,"Snowy","Medium","Evening","Bike",8,8,75
"530",11.44,"Rainy","Medium","Evening","Car",20,2,57
"531",15.23,"Foggy","Low","Morning","Car",6,0,52
"532",1.95,"Clear","Low","Morning","Scooter",16,2,24
"533",7.72,"Rainy","Medium","Morning","Bike",11,5,36
"534",11.78,"Clear","Low","Afternoon","Scooter",26,3,71
"535",3.4,"Windy","Medium","Morning","Bike",11,6,30
"536",2.14,"Clear","High","Evening","Bike",18,3,34
"537",10.04,"Rainy","High","Afternoon","Bike",12,9,59
"538",14.72,"Clear","Medium","Evening","Scooter",15,8,80
"539",3.7,"Clear","Medium","Morning","Bike",28,7,45
"540",19.73,"Rainy","Low","Evening","Bike",8,8,64
"541",10.83,"Clear","Medium","Evening","Scooter",8,9,51
"542",16.3,"Foggy","Low","Morning","Car",12,1,95
"543",5.98,"Foggy","High","Morning","Bike",14,6,44
"544",5.98,"Rainy","High","Morning","Bike",21,2,60
"545",4.14,"Foggy","Medium","Morning","Bike",21,0,46
"546",16.68,"Rainy","Medium","Afternoon","Bike",9,9,63
"547",18.69,"Windy","Medium","Night","Bike",23,9,74
"548",18.44,"Rainy","High","Morning","Bike",27,7,80
"549",13,"Windy","High","Morning","Bike",22,8,65
"550",16.45,"Clear","Medium","Evening","Scooter",25,3,87
"551",16.17,"Clear","Medium","Evening","Car",10,2,95
"552",17.88,"Clear","Medium","Evening","Bike",29,3,95
"553",5.23,"Clear","Medium","Morning","Scooter",19,4,37
"554",4.32,"Clear","Medium","Morning","Bike",17,4,36
"555",9.09,"Rainy","Medium","Morning","Bike",6,7,43
"556",12.67,"Windy","Medium","Morning","Scooter",7,3,43
"557",1.85,"Clear","Medium","Evening","Bike",10,1,24
"558",7.51,"Rainy","Low","Evening","Car",27,6,50
"559",6.58,"Clear","Low","Afternoon","Bike",13,1,34
"560",12.7,"Clear","Low","Morning","Scooter",22,2,57
"561",7.31,"Foggy","Medium","Afternoon","Bike",26,2,65
"562",9.2,"Clear","High","Morning","Scooter",9,9,48
"563",10.22,"Foggy","Low","Afternoon","Scooter",21,0,61
"564",8.15,"Clear","High","Evening","Scooter",12,9,43
"565",10.61,"Clear","Medium","Morning","Bike",17,0,59
"566",7.73,"Clear","High","Night","Bike",29,5,58
"567",19.66,"Clear","Low","Morning","Car",19,6,70
"568",14.66,"Snowy","High","Morning","Car",5,6,71
"569",9.73,"Clear","Low","Afternoon","Bike",29,6,60
"570",14.52,"Clear","Medium","Afternoon","Car",26,5,86
"571",5.93,"Foggy","High","Evening","Scooter",27,1,95
"572",4.94,"Rainy","High","Evening","Scooter",28,4,63
"573",11.88,"Rainy","High","Afternoon","Car",29,9,78
"574",19.41,"Foggy","Medium","Morning","Car",7,6,66
"575",3.68,"Windy","High","Afternoon","Car",16,6,47
"576",11.06,"Clear","High","Evening","Bike",6,9,53
"577",10.2,"Rainy","Medium","Afternoon","Bike",18,9,56
"578",0.74,"Rainy","Low","Morning","Car",13,4,24
"579",15.21,"Snowy","Medium","Afternoon","Bike",20,9,90
"580",7.69,"Rainy","High","Morning","Scooter",16,3,58
"581",11.21,"Clear","High","Afternoon","Scooter",23,1,76
"582",6.18,"Clear","Medium","Evening","Bike",9,9,35
"583",2.71,"Clear","Medium","Morning","Car",6,5,24
"584",3.49,"Clear","Medium","Morning","Bike",17,2,38
"585",9.29,"Clear","Medium","Morning","Bike",17,2,49
"586",0.71,"Foggy","Low","Night","Bike",29,1,41
"587",5.32,"Rainy","Low","Afternoon","Scooter",27,2,48
"588",4.1,"Clear","Medium","Evening","Car",18,3,38
"589",13.84,"Clear","Low","Morning","Scooter",18,4,64
"590",3.9,"Rainy","High","Morning","Car",25,9,54
"591",18.6,"Rainy","Medium","Morning","Car",28,9,77
"592",14.88,"Snowy","Medium","Evening","Bike",10,0,64
"593",3.63,"Windy","Medium","Morning","Car",22,9,39
"594",3.22,"Windy","High","Morning","Car",7,7,27
"595",11.51,"Foggy","Low","Afternoon","Car",5,7,57
"596",19.72,"Rainy","Low","Afternoon","Bike",27,6,95
"597",11.08,"Clear","Low","Evening","Scooter",28,2,58
"598",3.95,"Clear","Medium","Morning","Car",28,5,47
"599",7.29,"Clear","High","Evening","Car",11,7,48
"600",10.3,"Clear","Low","Morning","Car",12,7,41
"601",10.73,"Rainy","High","Afternoon","Car",27,6,83
"602",17.28,"Clear","Low","Morning","Car",28,3,72
"603",13.37,"Foggy","Medium","Evening","Scooter",16,9,71
"604",11.36,"Clear","Medium","Morning","Scooter",8,2,52
"605",7.58,"Clear","High","Afternoon","Scooter",19,9,57
"606",6.13,"Rainy","High","Morning","Bike",25,6,59
"607",2.32,"Clear","Low","Afternoon","Scooter",23,1,32
"608",17.49,"Rainy","Low","Evening","Bike",27,9,95
"609",1.69,"Windy","Medium","Afternoon","Car",11,7,24
"610",4.52,"Rainy","Low","Evening","Car",17,0,71
"611",7.15,"Windy","Low","Morning","Bike",15,3,42
"612",10.86,"Windy","Medium","Afternoon","Car",10,4,60
"613",15.88,"Rainy","Low","Evening","Car",17,1,68
"614",9.7,"Snowy","Low","Evening","Bike",6,4,45
"615",14.95,"Clear","Medium","Morning","Bike",13,7,49
"616",11.36,"Foggy","Low","Afternoon","Bike",6,4,47
"617",12.14,"Foggy","High","Afternoon","Bike",12,0,65
"618",16.31,"Foggy","Medium","Afternoon","Car",14,7,71
"619",14.7,"Clear","Medium","Evening","Scooter",24,5,75
"620",13.42,"Rainy","Medium","Evening","Bike",6,6,95
"621",7.9,"Clear","Low","Afternoon","Scooter",22,3,48
"622",15.35,"Foggy","Low","Morning","Car",5,3,56
"623",15.12,"Foggy","Low","Morning","Bike",14,1,58
"624",0.82,"Windy","Low","Morning","Car",18,9,24
"625",6.43,"Clear","Low","Evening","Car",9,7,26
"626",8.66,"Snowy","High","Morning","Bike",29,3,77
"627",11.16,"Foggy","Medium","Afternoon","Car",21,4,77
"628",18.77,"Foggy","Low","Afternoon","Car",15,4,71
"629",5.84,"Clear","Medium","Evening","Bike",21,7,35
"630",1.01,"Clear","High","Night","Bike",17,7,29
"631",3.92,"Rainy","Medium","Night","Bike",20,9,41
"632",12.77,"Foggy","Low","Morning","Bike",22,8,71
"633",2.33,"Clear","Low","Evening","Bike",9,2,24
"634",2.92,"Windy","High","Afternoon","Bike",24,4,48
"635",13.35,"Rainy","Low","Evening","Scooter",14,4,91
"636",5.26,"Rainy","Medium","Evening","Scooter",28,8,51
"637",4.39,"Foggy","Medium","Night","Bike",12,8,38
"638",8.67,"Windy","High","Morning","Bike",20,4,55
"639",16.53,"Snowy","Low","Afternoon","Scooter",24,9,95
"640",13.47,"Clear","Medium","Evening","Bike",19,4,59
"641",18.86,"Snowy","Medium","Night","Bike",18,1,89
"642",12.81,"Clear","Low","Morning","Bike",12,2,51
"643",2.4,"Snowy","Low","Night","Scooter",27,5,42
"644",7.44,"Rainy","Medium","Evening","Bike",6,1,39
"645",1.89,"Clear","Medium","Evening","Scooter",13,7,24
"646",19.28,"Snowy","Medium","Morning","Car",21,3,95
"647",6.29,"Clear","Medium","Morning","Scooter",10,7,27
"648",1.81,"Clear","Medium","Afternoon","Car",23,3,34
"649",1.74,"Clear","Medium","Night","Bike",23,2,34
"650",13.44,"Clear","Medium","Morning","Car",22,1,79
"651",7.11,"Clear","Low","Afternoon","Scooter",27,3,48
"652",4.5,"Windy","Low","Evening","Scooter",20,6,32
"653",8.31,"Windy","Medium","Morning","Bike",6,5,44
"654",16.37,"Clear","High","Morning","Bike",26,7,95
"655",9.78,"Clear","Medium","Afternoon","Bike",18,3,58
"656",4.88,"Windy","Medium","Afternoon","Scooter",26,7,48
"657",5.54,"Rainy","Medium","Evening","Scooter",28,9,51
"658",11.54,"Clear","High","Afternoon","Car",10,0,56
"659",12.85,"Clear","Low","Afternoon","Scooter",5,4,54
"660",5.56,"Clear","Low","Afternoon","Scooter",19,5,31
"661",3.33,"Clear","Medium","Evening","Scooter",24,2,44
"662",3.47,"Snowy","High","Night","Bike",24,9,53
"663",12.01,"Clear","Low","Morning","Scooter",26,6,57
"664",15.98,"Foggy","Low","Morning","Car",21,6,90
"665",3.64,"Clear","Low","Morning","Scooter",16,3,26
"666",19.47,"Clear","Low","Morning","Bike",16,8,83
"667",15.51,"Rainy","Medium","Morning","Scooter",10,8,81
"668",10.42,"Windy","Medium","Afternoon","Bike",28,3,72
"669",15.9,"Rainy","Low","Evening","Car",19,5,78
"670",15.17,"Windy","Low","Morning","Bike",25,4,77
"671",2.78,"Rainy","Low","Afternoon","Bike",21,4,37
"672",1.98,"Rainy","Low","Afternoon","Bike",22,0,39
"673",14.03,"Clear","Low","Afternoon","Bike",17,2,65
"674",2.06,"Foggy","Medium","Evening","Scooter",22,4,40
"675",11.02,"Clear","High","Morning","Scooter",22,2,70
"676",17.95,"Snowy","High","Morning","Scooter",16,3,95
"677",5.17,"Foggy","Low","Morning","Bike",29,0,56
"678",16.62,"Snowy","Low","Afternoon","Bike",26,8,94
"679",0.71,"Rainy","Low","Morning","Car",25,8,31
"680",13.44,"Clear","Low","Evening","Scooter",9,5,55
"681",13.1,"Clear","Low","Evening","Bike",28,2,72
"682",19.24,"Rainy","High","Afternoon","Bike",9,7,75
"683",5.35,"Clear","Medium","Afternoon","Scooter",24,6,43
"684",12.22,"Clear","Low","Evening","Scooter",15,0,56
"685",18.55,"Clear","Low","Afternoon","Car",11,9,69
"686",6.44,"Clear","Low","Afternoon","Car",18,2,43
"687",8.77,"Foggy","Medium","Evening","Car",14,7,49
"688",10.97,"Clear","Low","Afternoon","Scooter",27,3,51
"689",6.68,"Clear","High","Morning","Scooter",10,5,44
"690",12.93,"Rainy","Low","Afternoon","Scooter",25,0,61
"691",7.99,"Clear","Medium","Evening","Bike",18,4,42
"692",15.78,"Clear","High","Afternoon","Scooter",12,1,68
"693",9.95,"Windy","High","Evening","Scooter",21,5,72
"694",13.47,"Rainy","Low","Afternoon","Scooter",7,6,46
"695",17.19,"Clear","Medium","Afternoon","Bike",11,8,76
"696",3.23,"Clear","High","Afternoon","Bike",17,9,33
"697",1.27,"Foggy","High","Afternoon","Bike",25,9,46
"698",4.71,"Clear","Low","Morning","Bike",20,6,31
"699",12.82,"Rainy","Medium","Evening","Bike",28,9,72
"700",18.21,"Clear","Low","Evening","Bike",6,3,74
"701",9.51,"Clear","High","Morning","Bike",26,9,63
"702",0.89,"Rainy","Low","Morning","Car",9,0,24
"703",5.24,"Windy","High","Afternoon","Scooter",26,8,51
"704",10.64,"Windy","Low","Evening","Car",11,9,36
"705",13.23,"Clear","Medium","Night","Bike",20,8,70
"706",19.03,"Clear","Medium","Morning","Scooter",8,8,65
"707",10.3,"Rainy","Low","Evening","Bike",29,0,73
"708",12.39,"Snowy","Medium","Evening","Bike",14,8,56
"709",18.8,"Clear","High","Afternoon","Bike",23,7,95
"710",16.78,"Rainy","Medium","Morning","Bike",22,1,70
"711",7.85,"Clear","Low","Afternoon","Scooter",7,9,34
"712",11.63,"Clear","Medium","Night","Scooter",29,7,57
"713",7.8,"Windy","Medium","Afternoon","Car",17,6,44
"714",11.88,"Rainy","Medium","Afternoon","Bike",5,1,63
"715",14.89,"Clear","High","Evening","Car",22,9,88
"716",16.44,"Rainy","High","Afternoon","Bike",12,6,86
"717",2.65,"Windy","Medium","Afternoon","Car",14,4,35
"718",18.01,"Foggy","High","Night","Bike",14,2,71
"719",10.32,"Clear","Medium","Night","Car",24,5,49
"720",6.37,"Rainy","Low","Afternoon","Car",29,4,56
"721",3.74,"Rainy","Low","Morning","Bike",19,6,36
"722",17.99,"Windy","High","Evening","Bike",5,1,73
"723",13.96,"Rainy","Low","Night","Bike",5,1,42
"724",16.02,"Clear","Low","Evening","Bike",20,7,61
"725",7.52,"Windy","Medium","Afternoon","Car",17,9,44
"726",2.51,"Clear","Low","Morning","Bike",16,2,28
"727",6.7,"Foggy","High","Morning","Scooter",23,3,59
"728",17.61,"Windy","Low","Morning","Bike",5,8,61
"729",3.65,"Clear","Medium","Morning","Bike",29,9,46
"730",14.27,"Clear","Medium","Night","Car",24,3,77
"731",8.85,"Clear","Low","Afternoon","Bike",11,9,45
"732",9.24,"Windy","Medium","Afternoon","Bike",8,2,49
"733",19.7,"Rainy","Low","Evening","Car",16,6,66
"734",11.61,"Clear","High","Morning","Car",19,1,67
"735",16.44,"Windy","High","Afternoon","Car",8,0,80
"736",8.67,"Rainy","High","Afternoon","Bike",12,7,95
"737",5.14,"Clear","Medium","Evening","Scooter",23,7,43
"738",10.46,"Clear","Low","Evening","Bike",25,3,68
"739",5.23,"Clear","Medium","Morning","Scooter",23,2,47
"740",10.35,"Clear","Medium","Night","Bike",7,9,48
"741",4.04,"Rainy","High","Evening","Bike",14,6,39
"742",2.66,"Clear","Low","Afternoon","Bike",16,8,24
"743",17.61,"Foggy","Medium","Afternoon","Bike",9,5,74
"744",8.48,"Clear","High","Night","Bike",11,5,39
"745",17.06,"Clear","Low","Evening","Bike",9,9,66
"746",6.78,"Foggy","Low","Night","Bike",18,6,42
"747",9,"Snowy","Medium","Afternoon","Car",29,3,78
"748",12.74,"Clear","Low","Afternoon","Scooter",12,0,63
"749",18.72,"Rainy","Medium","Afternoon","Bike",17,0,89
"750",3.23,"Clear","Low","Afternoon","Bike",7,7,24
"751",12.56,"Clear","Low","Morning","Car",22,8,49
"752",1,"Snowy","Medium","Morning","Bike",28,0,51
"753",3.46,"Clear","Low","Morning","Bike",24,6,37
"754",6,"Snowy","Low","Morning","Car",20,8,53
"755",14.79,"Clear","Medium","Morning","Scooter",12,9,64
"756",14.65,"Snowy","High","Morning","Car",19,3,95
"757",14.2,"Clear","Medium","Afternoon","Bike",17,1,73
"758",7.04,"Clear","Low","Afternoon","Bike",11,8,38
"759",19.74,"Clear","Low","Afternoon","Car",16,1,95
"760",11.88,"Rainy","Medium","Evening","Bike",20,8,69
"761",18.63,"Clear","Low","Evening","Bike",26,8,75
"762",8.8,"Rainy","Medium","Afternoon","Bike",6,2,38
"763",11.75,"Clear","High","Morning","Bike",9,2,55
"764",18.95,"Snowy","Low","Morning","Car",27,0,92
"765",7.6,"Foggy","Low","Morning","Bike",16,4,48
"766",17.99,"Foggy","Low","Morning","Car",11,2,84
"767",13.82,"Clear","Medium","Evening","Bike",21,9,72
"768",15.53,"Foggy","Low","Evening","Bike",26,7,68
"769",3.97,"Clear","High","Afternoon","Bike",19,8,40
"770",10.1,"Clear","High","Morning","Car",17,6,55
"771",18.21,"Foggy","Low","Morning","Bike",5,1,70
"772",2.68,"Clear","Low","Morning","Bike",16,8,25
"773",3.88,"Snowy","Low","Morning","Bike",9,6,33
"774",15.89,"Snowy","Medium","Afternoon","Car",15,9,91
"775",6.73,"Clear","Medium","Afternoon","Bike",21,1,54
"776",0.75,"Clear","Medium","Afternoon","Bike",10,5,24
"777",13.79,"Rainy","Low","Night","Scooter",11,0,69
"778",18.83,"Clear","Medium","Evening","Scooter",5,8,69
"779",11.62,"Clear","Low","Afternoon","Bike",9,8,33
"780",5.03,"Clear","Medium","Morning","Bike",17,3,38
"781",15.08,"Rainy","Medium","Evening","Scooter",26,1,94
"782",10.48,"Rainy","Low","Afternoon","Car",10,7,45
"783",7.82,"Rainy","Medium","Evening","Bike",16,8,45
"784",16.98,"Clear","Low","Evening","Bike",11,6,78
"785",14.83,"Rainy","Low","Morning","Car",19,4,95
"786",5.67,"Clear","Low","Morning","Scooter",11,9,27
"787",18.33,"Snowy","Medium","Morning","Scooter",5,5,67
"788",17.46,"Clear","Medium","Morning","Scooter",6,4,62
"789",1.34,"Foggy","High","Evening","Bike",9,5,30
"790",1.38,"Clear","Low","Morning","Scooter",13,9,24
"791",3.67,"Clear","Low","Afternoon","Bike",9,0,26
"792",7.86,"Windy","Medium","Morning","Car",22,2,55
"793",8.98,"Clear","Medium","Afternoon","Scooter",22,8,95
"794",12.85,"Rainy","Medium","Evening","Scooter",6,7,61
"795",17.91,"Clear","Low","Afternoon","Bike",6,7,68
"796",15.09,"Snowy","Low","Morning","Car",20,7,68
"797",4.22,"Clear","Medium","Morning","Bike",16,7,35
"798",12.33,"Clear","High","Night","Bike",7,2,95
"799",17.87,"Snowy","Low","Morning","Scooter",29,4,87
"800",2.16,"Clear","Medium","Night","Car",10,1,24
"801",3.11,"Rainy","Medium","Morning","Scooter",21,1,43
"802",1.42,"Clear","High","Afternoon","Scooter",24,2,40
"803",18.57,"Rainy","Medium","Afternoon","Bike",16,7,89
"804",17.51,"Clear","Medium","Evening","Bike",15,3,60
"805",6.84,"Clear","Medium","Evening","Bike",25,1,51
"806",18.34,"Snowy","Medium","Afternoon","Scooter",22,7,91
"807",3.51,"Windy","Medium","Night","Bike",22,2,44
"808",14.7,"Clear","Medium","Morning","Scooter",6,2,58
"809",16.85,"Clear","High","Morning","Car",17,4,71
"810",16.26,"Rainy","Low","Morning","Car",27,5,66
"811",19.1,"Snowy","Medium","Morning","Bike",25,6,90
"812",13.71,"Rainy","Medium","Evening","Bike",22,9,64
"813",8.92,"Clear","Medium","Evening","Bike",10,1,51
"814",14.58,"Clear","Low","Evening","Bike",23,0,70
"815",9.71,"Clear","Low","Afternoon","Car",27,5,61
"816",19.94,"Clear","Low","Afternoon","Bike",26,6,83
"817",4.53,"Snowy","Medium","Morning","Scooter",18,4,49
"818",10.7,"Clear","High","Afternoon","Car",8,4,57
"819",10.13,"Clear","Medium","Evening","Bike",22,0,65
"820",0.78,"Clear","Low","Afternoon","Bike",11,0,24
"821",18.84,"Foggy","Medium","Afternoon","Scooter",25,8,88
"822",15.08,"Snowy","Low","Evening","Bike",29,7,84
"823",17.32,"Clear","Low","Evening","Scooter",10,3,77
"824",6.81,"Clear","Medium","Evening","Bike",23,2,47
"825",2.79,"Clear","High","Morning","Bike",23,7,38
"826",11.44,"Foggy","High","Afternoon","Car",14,4,74
"827",2.44,"Snowy","High","Evening","Bike",13,9,39
"828",2.48,"Rainy","Low","Evening","Scooter",20,8,30
"829",7.75,"Clear","Medium","Evening","Scooter",21,1,55
"830",0.85,"Clear","Medium","Morning","Bike",9,8,24
"831",8.87,"Clear","Low","Evening","Bike",19,3,55
"832",15.37,"Snowy","Medium","Afternoon","Car",15,5,66
"833",10.29,"Foggy","Medium","Evening","Scooter",25,4,67
"834",15.06,"Rainy","Low","Morning","Bike",22,4,65
"835",3.54,"Foggy","Low","Morning","Bike",23,7,37
"836",7.17,"Clear","Medium","Morning","Scooter",7,9,29
"837",4.62,"Rainy","Medium","Afternoon","Car",8,3,33
"838",5.53,"Clear","Low","Morning","Car",10,8,27
"839",12.74,"Rainy","Low","Afternoon","Bike",17,9,63
"840",9.06,"Clear","High","Evening","Bike",26,3,61
"841",2.71,"Foggy","Low","Morning","Bike",6,0,28
"842",16.92,"Clear","Low","Night","Bike",23,5,78
"843",13.54,"Foggy","Low","Morning","Bike",11,1,54
"844",1,"Snowy","Medium","Morning","Bike",25,4,44
"845",8.77,"Clear","Medium","Morning","Car",12,2,42
"846",16.01,"Windy","Low","Morning","Car",28,0,84
"847",12.63,"Foggy","Medium","Night","Scooter",8,8,49
"848",8.09,"Foggy","Low","Evening","Car",22,2,56
"849",6.54,"Clear","Medium","Night","Bike",10,7,39
"850",10.64,"Clear","Medium","Afternoon","Scooter",14,5,45
"851",1.77,"Clear","Medium","Evening","Bike",14,9,24
"852",13,"Foggy","Low","Evening","Bike",25,7,77
"853",12.83,"Clear","Low","Evening","Bike",5,8,50
"854",13.02,"Snowy","High","Afternoon","Car",6,9,65
"855",18.89,"Rainy","Medium","Morning","Scooter",22,1,74
"856",10.53,"Foggy","High","Evening","Bike",25,8,72
"857",5.01,"Rainy","Low","Afternoon","Bike",10,5,31
"858",16,"Foggy","Medium","Afternoon","Scooter",13,3,65
"859",17.86,"Clear","Low","Afternoon","Scooter",16,8,83
"860",2.99,"Foggy","High","Afternoon","Bike",9,5,90
"861",16.38,"Clear","Medium","Morning","Bike",6,2,51
"862",6.09,"Clear","Medium","Night","Bike",7,4,27
"863",13.61,"Clear","Low","Morning","Bike",26,0,66
"864",8.5,"Snowy","High","Evening","Bike",14,7,56
"865",8.55,"Clear","Low","Evening","Scooter",28,8,46
"866",4.05,"Clear","Medium","Afternoon","Scooter",21,5,39
"867",19.5,"Clear","High","Morning","Bike",18,2,73
"868",7.59,"Clear","Low","Afternoon","Scooter",16,3,37
"869",16.66,"Snowy","High","Afternoon","Scooter",29,7,95
"870",19.41,"Snowy","High","Evening","Car",21,3,95
"871",13.74,"Foggy","Medium","Afternoon","Bike",6,1,56
"872",0.64,"Clear","High","Night","Bike",10,3,24
"873",12.1,"Clear","High","Afternoon","Bike",11,0,53
"874",12.09,"Clear","Medium","Morning","Car",13,1,60
"875",11.82,"Windy","Medium","Night","Bike",24,7,77
"876",5.28,"Foggy","Low","Morning","Bike",27,6,53
"877",5.98,"Clear","Low","Evening","Car",22,9,35
"878",2.93,"Clear","Medium","Morning","Bike",24,8,94
"879",4.05,"Snowy","Medium","Evening","Scooter",19,2,50
"880",13.61,"Clear","Low","Evening","Scooter",12,2,43
"881",2.88,"Rainy","Low","Morning","Car",16,4,41
"882",5.91,"Clear","Medium","Evening","Scooter",29,4,57
"883",6,"Rainy","Medium","Evening","Scooter",21,2,47
"884",11.33,"Clear","Medium","Afternoon","Scooter",29,7,77
"885",15.01,"Clear","Medium","Morning","Bike",15,6,64
"886",6.85,"Clear","High","Morning","Bike",16,5,48
"887",11.93,"Snowy","High","Morning","Car",7,1,75
"888",18.82,"Windy","Low","Morning","Car",5,3,77
"889",1.03,"Clear","Medium","Afternoon","Bike",19,4,29
"890",14.22,"Rainy","Low","Evening","Car",25,8,84
"891",18.18,"Snowy","High","Morning","Bike",17,3,85
"892",14.75,"Clear","Low","Morning","Car",10,7,62
"893",11.7,"Rainy","Low","Afternoon","Bike",17,5,60
"894",10.68,"Clear","Low","Morning","Bike",14,1,42
"895",1.51,"Clear","High","Evening","Bike",26,1,44
"896",8.01,"Clear","High","Morning","Bike",8,6,48
"897",3.23,"Rainy","Low","Morning","Car",25,7,42
"898",13.16,"Rainy","High","Morning","Scooter",25,8,68
"899",10.11,"Windy","Low","Morning","Bike",11,4,44
"900",18.39,"Windy","Low","Afternoon","Bike",24,6,74
"901",10.62,"Windy","Medium","Afternoon","Car",22,5,54
"902",10.73,"Clear","Low","Afternoon","Bike",7,5,57
"903",6.23,"Clear","Medium","Evening","Car",20,1,51
"904",2.14,"Clear","Low","Afternoon","Bike",25,1,36
"905",12.83,"Clear","Medium","Morning","Bike",19,2,76
"906",8.37,"Clear","High","Evening","Scooter",13,7,42
"907",3.69,"Rainy","Medium","Afternoon","Bike",8,8,27
"908",18.1,"Clear","Low","Morning","Scooter",8,5,77
"909",7.06,"Clear","Low","Afternoon","Scooter",26,5,51
"910",1.94,"Foggy","Low","Night","Bike",10,1,25
"911",0.59,"Clear","Low","Afternoon","Bike",21,0,27
"912",17.01,"Snowy","Low","Night","Bike",28,6,95
"913",5.36,"Clear","Low","Afternoon","Scooter",11,4,30
"914",12,"Clear","Low","Evening","Car",25,0,75
"915",16.23,"Clear","Medium","Evening","Bike",6,0,54
"916",19.04,"Rainy","Low","Evening","Car",12,6,60
"917",18.33,"Foggy","Medium","Morning","Scooter",19,0,95
"918",2.58,"Clear","Medium","Morning","Scooter",25,7,37
"919",4.65,"Clear","Medium","Evening","Bike",21,1,46
"920",17.33,"Snowy","Low","Evening","Scooter",12,3,79
"921",0.68,"Snowy","High","Evening","Bike",29,8,50
"922",19.33,"Clear","Medium","Morning","Bike",7,8,73
"923",3.42,"Clear","Medium","Night","Car",11,9,24
"924",19.02,"Rainy","High","Evening","Scooter",22,1,95
"925",17.81,"Windy","High","Evening","Bike",21,4,95
"926",2.67,"Clear","Medium","Night","Car",17,6,28
"927",19.24,"Snowy","Low","Evening","Bike",26,1,95
"928",14.41,"Rainy","Medium","Night","Bike",16,6,85
"929",2.41,"Clear","Medium","Evening","Bike",15,9,25
"930",17.98,"Clear","Low","Evening","Bike",5,8,45
"931",7.34,"Foggy","Medium","Afternoon","Bike",22,5,93
"932",12.51,"Clear","Medium","Evening","Bike",18,5,62
"933",4.97,"Rainy","Low","Evening","Bike",17,9,34
"934",19.1,"Snowy","Low","Afternoon","Bike",18,1,95
"935",4.64,"Clear","Low","Afternoon","Bike",15,9,24
"936",14.07,"Rainy","Low","Evening","Bike",10,5,63
"937",3.79,"Clear","Medium","Morning","Bike",13,2,34
"938",3.96,"Clear","Medium","Afternoon","Bike",23,5,44
"939",18.31,"Clear","Medium","Afternoon","Bike",25,3,79
"940",6.76,"Foggy","Medium","Night","Bike",7,6,42
"941",0.76,"Clear","Low","Afternoon","Car",26,9,28
"942",5.81,"Rainy","Medium","Evening","Bike",14,8,41
"943",12.08,"Clear","High","Afternoon","Scooter",16,4,60
"944",1.57,"Rainy","Low","Evening","Car",16,1,30
"945",11.89,"Clear","Medium","Afternoon","Bike",28,0,79
"946",7.02,"Clear","Medium","Evening","Car",23,2,53
"947",13.85,"Clear","Low","Evening","Bike",29,5,71
"948",9.32,"Rainy","Medium","Evening","Scooter",24,2,71
"949",7.72,"Foggy","High","Evening","Bike",19,4,64
"950",8.15,"Rainy","Low","Afternoon","Bike",26,2,50
"951",3.54,"Rainy","Medium","Afternoon","Scooter",17,4,41
"952",3.16,"Snowy","Low","Morning","Car",9,5,27
"953",11.65,"Windy","Low","Night","Bike",10,3,53
"954",5.22,"Snowy","Medium","Morning","Scooter",14,3,43
"955",5.41,"Clear","High","Morning","Scooter",17,6,38
"956",9.88,"Rainy","Medium","Morning","Car",7,0,43
"957",19.86,"Rainy","High","Evening","Bike",12,8,71
"958",5.53,"Windy","High","Morning","Bike",23,4,59
"959",12.46,"Foggy","Low","Afternoon","Bike",10,1,62
"960",1.38,"Clear","Medium","Morning","Car",6,3,24
"961",10.79,"Clear","Medium","Evening","Scooter",24,1,65
"962",14.23,"Clear","Medium","Afternoon","Scooter",23,7,70
"963",1.21,"Snowy","Low","Afternoon","Bike",22,1,39
"964",11.1,"Clear","Low","Afternoon","Bike",18,7,56
"965",17.1,"Clear","Medium","Evening","Bike",25,5,65
"966",3.22,"Clear","Medium","Afternoon","Bike",19,9,32
"967",19.27,"Foggy","Medium","Morning","Car",29,9,85
"968",2.82,"Rainy","Medium","Evening","Scooter",10,1,29
"969",7.67,"Foggy","Medium","Afternoon","Scooter",22,8,59
"970",16.07,"Clear","Medium","Evening","Bike",16,5,64
"971",7.97,"Windy","Medium","Evening","Scooter",9,8,35
"972",18,"Rainy","High","Night","Car",22,7,95
"973",16.17,"Clear","Medium","Evening","Scooter",12,2,78
"974",14.86,"Rainy","High","Night","Scooter",15,4,91
"975",11.68,"Clear","Medium","Afternoon","Scooter",25,7,70
"976",12.59,"Clear","Low","Evening","Scooter",10,2,39
"977",8.96,"Snowy","Low","Morning","Car",6,5,51
"978",16.51,"Clear","Medium","Morning","Bike",7,1,79
"979",16.01,"Clear","Low","Afternoon","Car",12,4,72
"980",19.74,"Rainy","High","Afternoon","Scooter",11,7,81
"981",8.64,"Snowy","Low","Evening","Bike",29,4,62
"982",5.13,"Clear","Medium","Morning","Car",16,1,38
"983",5.78,"Clear","High","Morning","Bike",11,5,38
"984",2.6,"Clear","Low","Afternoon","Bike",16,1,29
"985",2.34,"Foggy","Medium","Morning","Bike",8,2,28
"986",12.93,"Clear","Medium","Morning","Scooter",20,8,58
"987",1.6,"Clear","Medium","Evening","Bike",14,8,24
"988",7.44,"Rainy","Low","Evening","Bike",27,8,53
"989",14.39,"Rainy","Medium","Morning","Scooter",6,5,50
"990",6.07,"Clear","Low","Afternoon","Bike",18,4,35
"991",17.97,"Windy","Medium","Morning","Scooter",28,7,92
"992",17.53,"Clear","Low","Afternoon","Bike",14,6,79
"993",12.43,"Rainy","High","Morning","Bike",13,6,70
"994",10.89,"Windy","Medium","Evening","Bike",7,0,58
"995",4.37,"Clear","Medium","Evening","Scooter",6,7,25
"996",8.5,"Clear","High","Evening","Car",13,3,54
"997",16.28,"Rainy","Low","Morning","Scooter",8,9,71
"998",15.62,"Snowy","High","Evening","Scooter",26,2,81
"999",14.17,"Clear","Low","Afternoon","Bike",8,0,55
"1000",6.63,"Foggy","Low","Night","Scooter",24,3,58
